-- Insert sample users first (needed for foreign key references)
INSERT INTO users (id, email, name, bio, role, preferences) VALUES
('11111111-1111-1111-1111-111111111111', 'alex@example.com', 'Alex Chen', 'Local explorer and food enthusiast', 'user', '{"categories": ["beach", "restaurant"], "moodTags": ["chill", "adventurous"]}'),
('22222222-2222-2222-2222-222222222222', 'sarah@example.com', 'Sarah Johnson', 'Event organizer and cultural curator', 'contributor', '{"categories": ["event", "cultural"], "moodTags": ["romantic", "turn-up"]}'),
('33333333-3333-3333-3333-333333333333', 'mike@example.com', 'Mike Rodriguez', 'Hidden gems finder', 'user', '{"categories": ["nature", "beach"], "moodTags": ["solo", "chill"]}'),
('44444444-4444-4444-4444-444444444444', 'emma@example.com', 'Emma Davis', 'Foodie and restaurant reviewer', 'contributor', '{"categories": ["restaurant"], "moodTags": ["family-friendly"]}'),
('55555555-5555-5555-5555-555555555555', 'admin@outside.com', 'Outside Admin', 'Platform administrator', 'admin', '{}');

-- Insert sample places
INSERT INTO places (id, name, description, category, sub_category, mood_tags, location, address, images, features, price_range, submitted_by, approved) VALUES
('aaaaaaaa-aaaa-aaaa-aaaa-aaaaaaaaaaaa', 'Secret Sunset Beach', 'Hidden cove perfect for watching sunsets away from crowds', 'beach', 'hidden_cove', '{"chill", "romantic"}', 'POINT(-118.4912 34.0194)', '{"city": "Malibu", "state": "CA", "country": "USA"}', '{"https://example.com/beach1.jpg"}', '{"parking", "swimming"}', '$', '11111111-1111-1111-1111-111111111111', true),
('bbbbbbbb-bbbb-bbbb-bbbb-bbbbbbbbbbbb', 'Mystic Forest Trail', 'Enchanting forest path with ancient trees and hidden waterfalls', 'nature', 'hiking_trail', '{"adventurous", "solo"}', 'POINT(-122.4194 37.7749)', '{"city": "San Francisco", "state": "CA", "country": "USA"}', '{"https://example.com/forest1.jpg"}', '{"hiking", "photography"}', '$', '33333333-3333-3333-3333-333333333333', true),
('cccccccc-cccc-cccc-cccc-cccccccccccc', 'Underground Art Gallery', 'Hidden basement gallery showcasing local street artists', 'cultural', 'art_gallery', '{"chill", "solo"}', 'POINT(-73.9857 40.7484)', '{"street": "125 St Marks Pl", "city": "New York", "state": "NY", "country": "USA"}', '{"https://example.com/gallery1.jpg"}', '{"art", "indoor"}', '$$', '22222222-2222-2222-2222-222222222222', true),
('dddddddd-dddd-dddd-dddd-dddddddddddd', 'Rooftop Garden Oasis', 'Secret rooftop garden with city views and peaceful vibes', 'nature', 'rooftop_garden', '{"chill", "romantic"}', 'POINT(-87.6298 41.8781)', '{"city": "Chicago", "state": "IL", "country": "USA"}', '{"https://example.com/rooftop1.jpg"}', '{"city_view", "peaceful"}', '$', '11111111-1111-1111-1111-111111111111', true),
('eeeeeeee-eeee-eeee-eeee-eeeeeeeeeeee', 'Abandoned Pier Paradise', 'Old fishing pier turned into a local hangout spot', 'beach', 'pier', '{"adventurous", "turn-up"}', 'POINT(-117.2713 32.7157)', '{"city": "San Diego", "state": "CA", "country": "USA"}', '{"https://example.com/pier1.jpg"}', '{"fishing", "sunset_view"}', '$', '33333333-3333-3333-3333-333333333333', true),
('ffffffff-ffff-ffff-ffff-ffffffffffff', 'Secret Speakeasy Entrance', 'Hidden entrance to an underground speakeasy bar', 'cultural', 'speakeasy', '{"romantic", "turn-up"}', 'POINT(-122.4194 37.7749)', '{"street": "608 Divisadero St", "city": "San Francisco", "state": "CA", "country": "USA"}', '{"https://example.com/speakeasy1.jpg"}', '{"cocktails", "live_music"}', '$$$', '22222222-2222-2222-2222-222222222222', false),
('a1b2c3d4-e5f6-7890-abcd-ef1234567890', 'Mountain View Overlook', 'Scenic mountain viewpoint accessible by hidden trail', 'nature', 'overlook', '{"adventurous", "solo"}', 'POINT(-105.2705 40.0150)', '{"city": "Boulder", "state": "CO", "country": "USA"}', '{"https://example.com/mountain1.jpg"}', '{"hiking", "photography", "sunrise"}', '$', '11111111-1111-1111-1111-111111111111', true),
('b2c3d4e5-f6a7-8901-bcde-f23456789012', 'Urban Meditation Garden', 'Peaceful garden hidden in the middle of downtown', 'nature', 'meditation_garden', '{"chill", "solo"}', 'POINT(-71.0589 42.3601)', '{"city": "Boston", "state": "MA", "country": "USA"}', '{"https://example.com/garden1.jpg"}', '{"meditation", "peaceful", "free_wifi"}', '$', '33333333-3333-3333-3333-333333333333', true),
('c3d4e5f6-a7b8-9012-cdef-345678901234', 'Graffiti Alley Showcase', 'Vibrant alley featuring rotating street art installations', 'cultural', 'street_art', '{"adventurous", "solo"}', 'POINT(-84.3880 33.7490)', '{"city": "Atlanta", "state": "GA", "country": "USA"}', '{"https://example.com/graffiti1.jpg"}', '{"art", "photography"}', '$', '22222222-2222-2222-2222-222222222222', true),
('d4e5f6a7-b8c9-0123-def4-56789012345a', 'Hidden Springs Oasis', 'Natural hot springs tucked away in desert landscape', 'nature', 'hot_springs', '{"chill", "romantic"}', 'POINT(-111.8910 33.4484)', '{"city": "Phoenix", "state": "AZ", "country": "USA"}', '{"https://example.com/springs1.jpg"}', '{"hot_springs", "relaxation"}', '$$', '11111111-1111-1111-1111-111111111111', false);

-- Insert sample events
INSERT INTO events (id, name, description, type, start_date, end_date, location, address, venue, organizer, images, price, mood_tags, features, status, submitted_by, approved) VALUES
('e1f2a3b4-c5d6-7890-1234-56789abcdef0', 'Underground Music Sessions', 'Weekly underground music showcase featuring local indie artists', 'concert', '2024-02-15 20:00:00+00', '2024-02-15 23:30:00+00', 'POINT(-118.2437 34.0522)', '{"street": "1234 Sunset Blvd", "city": "Los Angeles", "state": "CA", "country": "USA"}', 'The Underground', '{"name": "Indie Collective LA", "contact": "info@indiecollectivela.com"}', '{"https://example.com/concert1.jpg"}', '{"amount": 15, "currency": "USD", "isFree": false}', '{"turn-up", "adventurous"}', '{"live_music", "bar"}', 'upcoming', '22222222-2222-2222-2222-222222222222', true),
('f2a3b4c5-d6e7-8901-2345-6789abcdef01', 'Street Food Festival', 'Monthly gathering of the best local food trucks and vendors', 'festival', '2024-02-20 11:00:00+00', '2024-02-20 21:00:00+00', 'POINT(-122.4194 37.7749)', '{"street": "Golden Gate Park", "city": "San Francisco", "state": "CA", "country": "USA"}', 'Golden Gate Park', '{"name": "SF Food Collective", "contact": "events@sffood.com"}', '{"https://example.com/festival1.jpg"}', '{"amount": 0, "currency": "USD", "isFree": true}', '{"family-friendly", "turn-up"}', '{"food", "outdoor", "family"}', 'upcoming', '44444444-4444-4444-4444-444444444444', true),
('a3b4c5d6-e7f8-9012-3456-789abcdef012', 'Midnight Art Walk', 'Late-night walking tour of hidden street art and galleries', 'cultural', '2024-02-18 23:00:00+00', '2024-02-19 02:00:00+00', 'POINT(-73.9857 40.7484)', '{"street": "Starting at Washington Square Park", "city": "New York", "state": "NY", "country": "USA"}', 'Various Locations', '{"name": "NYC Art Underground", "contact": "tours@nycart.com"}', '{"https://example.com/artwalk1.jpg"}', '{"amount": 25, "currency": "USD", "isFree": false}', '{"adventurous", "solo"}', '{"art", "walking_tour"}', 'upcoming', '22222222-2222-2222-2222-222222222222', true),
('b4c5d6e7-f8a9-0123-4567-89abcdef0123', 'Sunrise Yoga Session', 'Morning yoga practice on the beach with ocean views', 'cultural', '2024-02-16 06:30:00+00', '2024-02-16 07:30:00+00', 'POINT(-117.2713 32.7157)', '{"street": "La Jolla Shores", "city": "San Diego", "state": "CA", "country": "USA"}', 'La Jolla Beach', '{"name": "Ocean Yoga SD", "contact": "namaste@oceanyoga.com"}', '{"https://example.com/yoga1.jpg"}', '{"amount": 20, "currency": "USD", "isFree": false}', '{"chill", "solo"}', '{"yoga", "outdoor", "meditation"}', 'upcoming', '11111111-1111-1111-1111-111111111111', true),
('c5d6e7f8-a9b0-1234-5678-9abcdef01234', 'Pop-up Vintage Market', 'Curated vintage clothing and accessories market', 'market', '2024-02-17 10:00:00+00', '2024-02-17 16:00:00+00', 'POINT(-87.6298 41.8781)', '{"street": "Millennium Park", "city": "Chicago", "state": "IL", "country": "USA"}', 'Millennium Park', '{"name": "Vintage Chicago", "contact": "hello@vintagechicago.com"}', '{"https://example.com/market1.jpg"}', '{"amount": 0, "currency": "USD", "isFree": true}', '{"chill", "family-friendly"}', '{"shopping", "vintage", "outdoor"}', 'upcoming', '44444444-4444-4444-4444-444444444444', true),
('d6e7f8a9-b0c1-2345-6789-abcdef012345', 'Rooftop Film Screening', 'Outdoor movie night under the stars', 'cultural', '2024-02-19 20:00:00+00', '2024-02-19 22:30:00+00', 'POINT(-105.2705 40.0150)', '{"street": "1550 17th St", "city": "Denver", "state": "CO", "country": "USA"}', 'Rooftop Cinema', '{"name": "Denver Outdoor Cinema", "contact": "info@denvercinema.com"}', '{"https://example.com/cinema1.jpg"}', '{"amount": 12, "currency": "USD", "isFree": false}', '{"romantic", "chill"}', '{"movies", "outdoor", "blankets_provided"}', 'upcoming', '22222222-2222-2222-2222-222222222222', false),
('e7f8a9b0-c1d2-3456-789a-bcdef0123456', 'Underground Comedy Show', 'Intimate comedy night in a hidden basement venue', 'cultural', '2024-02-21 21:00:00+00', '2024-02-21 23:00:00+00', 'POINT(-71.0589 42.3601)', '{"street": "The Comedy Basement", "city": "Boston", "state": "MA", "country": "USA"}', 'The Basement', '{"name": "Boston Underground Comedy", "contact": "laughs@bostoncomedy.com"}', '{"https://example.com/comedy1.jpg"}', '{"amount": 18, "currency": "USD", "isFree": false}', '{"turn-up", "adventurous"}', '{"comedy", "drinks", "intimate"}', 'upcoming', '22222222-2222-2222-2222-222222222222', true),
('f8a9b0c1-d2e3-4567-89ab-cdef01234567', 'Beach Bonfire Gathering', 'Community bonfire with music and marshmallows', 'cultural', '2024-02-22 19:00:00+00', '2024-02-22 23:00:00+00', 'POINT(-118.4912 34.0194)', '{"street": "Malibu Beach", "city": "Malibu", "state": "CA", "country": "USA"}', 'Malibu Beach', '{"name": "Malibu Community", "contact": "community@malibu.com"}', '{"https://example.com/bonfire1.jpg"}', '{"amount": 0, "currency": "USD", "isFree": true}', '{"chill", "family-friendly"}', '{"bonfire", "music", "food"}', 'upcoming', '11111111-1111-1111-1111-111111111111', true),
('a9b0c1d2-e3f4-5678-9abc-def012345678', 'Secret Warehouse Rave', 'Underground electronic music event in converted warehouse', 'concert', '2024-02-24 22:00:00+00', '2024-02-25 04:00:00+00', 'POINT(-84.3880 33.7490)', '{"street": "Industrial District", "city": "Atlanta", "state": "GA", "country": "USA"}', 'Warehouse X', '{"name": "Atlanta Underground", "contact": "info@atlunderground.com"}', '{"https://example.com/rave1.jpg"}', '{"amount": 30, "currency": "USD", "isFree": false}', '{"turn-up", "adventurous"}', '{"electronic_music", "dancing", "late_night"}', 'upcoming', '22222222-2222-2222-2222-222222222222', false),
('b0c1d2e3-f4a5-6789-abcd-ef0123456789', 'Desert Stargazing Night', 'Guided astronomy session in the desert with telescopes', 'cultural', '2024-02-23 20:00:00+00', '2024-02-24 01:00:00+00', 'POINT(-111.8910 33.4484)', '{"street": "Desert Observatory", "city": "Phoenix", "state": "AZ", "country": "USA"}', 'Desert Sky Observatory', '{"name": "Phoenix Astronomy Club", "contact": "stars@phoenixastro.com"}', '{"https://example.com/stargazing1.jpg"}', '{"amount": 22, "currency": "USD", "isFree": false}', '{"chill", "romantic"}', '{"astronomy", "telescopes", "outdoor"}', 'upcoming', '11111111-1111-1111-1111-111111111111', true);

-- Insert sample restaurants
INSERT INTO restaurants (id, name, description, type, cuisine, location, address, contact_info, opening_hours, images, menu, price_range, features, mood_tags, rating, social_media, special_features, submitted_by, approved) VALUES
('11aa22bb-33cc-44dd-55ee-ff0011223344', 'Hidden Ramen Alley', 'Tiny 8-seat ramen shop tucked behind a bookstore', 'restaurant', '{"japanese", "ramen"}', 'POINT(-118.2437 34.0522)', '{"street": "123 Little Tokyo St", "city": "Los Angeles", "state": "CA", "country": "USA"}', '{"phone": "213-555-0123", "website": "hiddenramen.com"}', '{"monday": "11:00-21:00", "tuesday": "11:00-21:00", "wednesday": "11:00-21:00", "thursday": "11:00-21:00", "friday": "11:00-22:00", "saturday": "11:00-22:00", "sunday": "closed"}', '{"https://example.com/ramen1.jpg"}', ARRAY['{"name": "Tonkotsu Ramen", "price": 16, "description": "Rich pork bone broth with chashu"}'::jsonb, '{"name": "Miso Ramen", "price": 15, "description": "Fermented soybean paste broth"}'::jsonb], '$$', '{"takeout", "cash_only"}', '{"chill", "solo"}', '{"average": 4.5, "count": 23}', '{"instagram": "@hiddenramenla"}', '{"hasOutdoorSeating": false, "hasParking": false, "isWheelchairAccessible": false, "acceptsReservations": false}', '44444444-4444-4444-4444-444444444444', true),
('22bb33cc-44dd-55ee-66ff-001122334455', 'Taco Truck Paradise', 'Authentic Mexican street tacos from a colorful food truck', 'food_truck', '{"mexican", "street_food"}', 'POINT(-122.4194 37.7749)', '{"street": "Mission District (moves daily)", "city": "San Francisco", "state": "CA", "country": "USA"}', '{"phone": "415-555-0456", "website": "tacoparadisesf.com"}', '{"monday": "10:00-22:00", "tuesday": "10:00-22:00", "wednesday": "10:00-22:00", "thursday": "10:00-22:00", "friday": "10:00-23:00", "saturday": "10:00-23:00", "sunday": "10:00-21:00"}', '{"https://example.com/taco1.jpg"}', ARRAY['{"name": "Al Pastor Taco", "price": 3, "description": "Marinated pork with pineapple"}'::jsonb, '{"name": "Carnitas Taco", "price": 3, "description": "Slow-cooked pork shoulder"}'::jsonb], '$', '{"outdoor_seating", "cash_only"}', '{"chill", "family-friendly"}', '{"average": 4.8, "count": 47}', '{"instagram": "@tacoparadisesf", "twitter": "@tacoparadise"}', '{"hasOutdoorSeating": true, "hasParking": true, "isWheelchairAccessible": true, "acceptsReservations": false}', '44444444-4444-4444-4444-444444444444', true),
('33cc44dd-55ee-66ff-77aa-112233445566', 'Underground Speakeasy Bar', 'Prohibition-era cocktail bar hidden behind a flower shop', 'bar', '{"cocktails", "american"}', 'POINT(-73.9857 40.7484)', '{"street": "456 East Village Ave", "city": "New York", "state": "NY", "country": "USA"}', '{"website": "secretspeakeasy.nyc"}', '{"monday": "closed", "tuesday": "18:00-02:00", "wednesday": "18:00-02:00", "thursday": "18:00-02:00", "friday": "18:00-03:00", "saturday": "18:00-03:00", "sunday": "closed"}', '{"https://example.com/speakeasy2.jpg"}', ARRAY['{"name": "Bees Knees", "price": 16, "description": "Gin, lemon, honey syrup"}'::jsonb, '{"name": "Sidecar", "price": 18, "description": "Cognac, Cointreau, lemon"}'::jsonb], '$$$', '{"live_music", "no_phones", "password_required"}', '{"romantic", "turn-up"}', '{"average": 4.3, "count": 31}', '{"website": "secretspeakeasy.nyc"}', '{"hasLiveMusic": true, "hasOutdoorSeating": false, "hasParking": false, "isWheelchairAccessible": false, "acceptsReservations": true}', '44444444-4444-4444-4444-444444444444', true),
('44dd55ee-66ff-77aa-88bb-223344556677', 'Rooftop Pizza Garden', 'Wood-fired pizza with herbs grown on-site', 'restaurant', '{"italian", "pizza"}', 'POINT(-87.6298 41.8781)', '{"street": "789 Rooftop Way", "city": "Chicago", "state": "IL", "country": "USA"}', '{"phone": "312-555-0789", "email": "info@rooftoppizza.com"}', '{"monday": "16:00-22:00", "tuesday": "16:00-22:00", "wednesday": "16:00-22:00", "thursday": "16:00-22:00", "friday": "16:00-23:00", "saturday": "12:00-23:00", "sunday": "12:00-22:00"}', '{"https://example.com/pizza1.jpg"}', ARRAY['{"name": "Margherita", "price": 18, "description": "Fresh mozzarella, basil, tomato"}'::jsonb, '{"name": "Rooftop Special", "price": 22, "description": "Garden herbs, prosciutto, arugula"}'::jsonb], '$$', '{"outdoor_seating", "garden_fresh", "wood_fired"}', '{"chill", "romantic"}', '{"average": 4.6, "count": 38}', '{"instagram": "@rooftoppizzachi"}', '{"hasOutdoorSeating": true, "hasParking": true, "isWheelchairAccessible": true, "acceptsReservations": true}', '44444444-4444-4444-4444-444444444444', true),
('55ee66ff-77aa-88bb-99cc-334455667788', 'Beach Shack Seafood', 'Fresh catches served steps from the ocean', 'restaurant', '{"seafood", "american"}', 'POINT(-117.2713 32.7157)', '{"street": "Ocean Front Walk", "city": "San Diego", "state": "CA", "country": "USA"}', '{"phone": "619-555-0321", "website": "beachshacksd.com"}', '{"monday": "11:00-21:00", "tuesday": "11:00-21:00", "wednesday": "11:00-21:00", "thursday": "11:00-21:00", "friday": "11:00-22:00", "saturday": "10:00-22:00", "sunday": "10:00-21:00"}', '{"https://example.com/seafood1.jpg"}', ARRAY['{"name": "Fish Tacos", "price": 14, "description": "Daily catch with cabbage slaw"}'::jsonb, '{"name": "Lobster Roll", "price": 28, "description": "Fresh Maine lobster on brioche"}'::jsonb], '$$', '{"outdoor_seating", "ocean_view", "fresh_catch"}', '{"chill", "family-friendly"}', '{"average": 4.4, "count": 52}', '{"instagram": "@beachshacksd"}', '{"hasOutdoorSeating": true, "hasParking": true, "isWheelchairAccessible": true, "acceptsReservations": false}', '44444444-4444-4444-4444-444444444444', true),
('66ff77aa-88bb-99cc-ddee-445566778899', 'Mountain View Café', 'Cozy coffee shop with panoramic mountain views', 'cafe', '{"coffee", "pastries"}', 'POINT(-105.2705 40.0150)', '{"street": "Mountain Peak Road", "city": "Boulder", "state": "CO", "country": "USA"}', '{"phone": "303-555-0654", "email": "hello@mountainviewcafe.com"}', '{"monday": "06:00-18:00", "tuesday": "06:00-18:00", "wednesday": "06:00-18:00", "thursday": "06:00-18:00", "friday": "06:00-19:00", "saturday": "07:00-19:00", "sunday": "07:00-17:00"}', '{"https://example.com/cafe1.jpg"}', ARRAY['{"name": "Locally Roasted Coffee", "price": 4, "description": "Single origin beans"}'::jsonb, '{"name": "Mountain Berry Scone", "price": 6, "description": "Made with local berries"}'::jsonb], '$', '{"mountain_view", "local_ingredients", "wifi"}', '{"chill", "solo"}', '{"average": 4.2, "count": 19}', '{"instagram": "@mountainviewcafe"}', '{"hasOutdoorSeating": true, "hasParking": true, "isWheelchairAccessible": true, "acceptsReservations": false}', '44444444-4444-4444-4444-444444444444', false),
('77aa88bb-99cc-ddee-ff00-55667788990a', 'Urban Food Hall Secret', 'Hidden gem inside a busy food hall', 'restaurant', '{"fusion", "asian"}', 'POINT(-71.0589 42.3601)', '{"street": "Downtown Crossing Food Hall", "city": "Boston", "state": "MA", "country": "USA"}', '{"phone": "617-555-0987"}', '{"monday": "11:00-21:00", "tuesday": "11:00-21:00", "wednesday": "11:00-21:00", "thursday": "11:00-21:00", "friday": "11:00-22:00", "saturday": "11:00-22:00", "sunday": "12:00-20:00"}', '{"https://example.com/fusion1.jpg"}', ARRAY['{"name": "Korean BBQ Bowl", "price": 12, "description": "Bulgogi over rice with kimchi"}'::jsonb, '{"name": "Ramen Burger", "price": 14, "description": "Beef patty between ramen noodle buns"}'::jsonb], '$$', '{"fusion_cuisine", "quick_service"}', '{"turn-up", "adventurous"}', '{"average": 3.9, "count": 26}', '{"instagram": "@urbanfusionboston"}', '{"hasOutdoorSeating": false, "hasParking": false, "isWheelchairAccessible": true, "acceptsReservations": false}', '44444444-4444-4444-4444-444444444444', true),
('88bb99cc-ddee-ff00-1122-6677889900ab', 'Southern Soul Kitchen', 'Authentic Southern comfort food in a converted house', 'restaurant', '{"southern", "comfort_food"}', 'POINT(-84.3880 33.7490)', '{"street": "456 Peachtree St", "city": "Atlanta", "state": "GA", "country": "USA"}', '{"phone": "404-555-0135", "website": "southernsoulkitchen.com"}', '{"monday": "closed", "tuesday": "17:00-22:00", "wednesday": "17:00-22:00", "thursday": "17:00-22:00", "friday": "17:00-23:00", "saturday": "11:00-23:00", "sunday": "11:00-21:00"}', '{"https://example.com/southern1.jpg"}', ARRAY['{"name": "Fried Chicken & Waffles", "price": 16, "description": "Crispy chicken with maple syrup"}'::jsonb, '{"name": "Shrimp & Grits", "price": 18, "description": "Creamy grits with Gulf shrimp"}'::jsonb], '$$', '{"comfort_food", "family_recipes", "live_music"}', '{"family-friendly", "chill"}', '{"average": 4.7, "count": 44}', '{"instagram": "@southernsoulatlanta"}', '{"hasLiveMusic": true, "hasOutdoorSeating": true, "hasParking": true, "isWheelchairAccessible": true, "acceptsReservations": true}', '44444444-4444-4444-4444-444444444444', true),
('99ccddee-ff00-1122-3344-7788990011bc', 'Desert Oasis Eatery', 'Southwestern cuisine with patio dining', 'restaurant', '{"southwestern", "mexican"}', 'POINT(-111.8910 33.4484)', '{"street": "Desert Ridge Marketplace", "city": "Phoenix", "state": "AZ", "country": "USA"}', '{"phone": "602-555-0246", "website": "desertoasiseatery.com"}', '{"monday": "11:00-21:00", "tuesday": "11:00-21:00", "wednesday": "11:00-21:00", "thursday": "11:00-21:00", "friday": "11:00-22:00", "saturday": "10:00-22:00", "sunday": "10:00-21:00"}', '{"https://example.com/desert1.jpg"}', ARRAY['{"name": "Green Chile Enchiladas", "price": 15, "description": "Roasted green chiles with cheese"}'::jsonb, '{"name": "Cactus Salad", "price": 12, "description": "Prickly pear cactus with lime"}'::jsonb], '$$', '{"patio_dining", "desert_view", "regional_cuisine"}', '{"chill", "family-friendly"}', '{"average": 4.1, "count": 33}', '{"instagram": "@desertoasisphx"}', '{"hasOutdoorSeating": true, "hasParking": true, "isWheelchairAccessible": true, "acceptsReservations": true}', '44444444-4444-4444-4444-444444444444', true),
('aaddeeee-ff00-1122-3344-8899001122cd', 'Midnight Diner', '24-hour hole-in-the-wall serving late-night comfort food', 'restaurant', '{"american", "comfort_food"}', 'POINT(-118.2437 34.0522)', '{"street": "678 Sunset Strip", "city": "Los Angeles", "state": "CA", "country": "USA"}', '{"phone": "213-555-0369"}', '{"monday": "00:00-23:59", "tuesday": "00:00-23:59", "wednesday": "00:00-23:59", "thursday": "00:00-23:59", "friday": "00:00-23:59", "saturday": "00:00-23:59", "sunday": "00:00-23:59"}', '{"https://example.com/diner1.jpg"}', ARRAY['{"name": "Classic Burger", "price": 12, "description": "1/3 lb beef with fries"}'::jsonb, '{"name": "Pancake Stack", "price": 9, "description": "Three fluffy pancakes with syrup"}'::jsonb], '$', '{"24_hours", "comfort_food", "counter_seating"}', '{"solo", "turn-up"}', '{"average": 3.8, "count": 67}', '{"instagram": "@midnightdinerla"}', '{"hasOutdoorSeating": false, "hasParking": true, "isWheelchairAccessible": true, "acceptsReservations": false}', '44444444-4444-4444-4444-444444444444', false);

-- Insert sample restaurant reviews
INSERT INTO restaurant_reviews (restaurant_id, user_id, rating, comment) VALUES
('11aa22bb-33cc-44dd-55ee-ff0011223344', '11111111-1111-1111-1111-111111111111', 5, 'Best ramen in the city! The broth is incredible and the hidden location makes it feel special.'),
('11aa22bb-33cc-44dd-55ee-ff0011223344', '33333333-3333-3333-3333-333333333333', 4, 'Tiny space but huge flavors. Worth the wait!'),
('22bb33cc-44dd-55ee-66ff-001122334455', '44444444-4444-4444-4444-444444444444', 5, 'Authentic street tacos that remind me of Mexico City. The al pastor is perfection.'),
('33cc44dd-55ee-66ff-77aa-112233445566', '22222222-2222-2222-2222-222222222222', 4, 'Great cocktails and amazing atmosphere. Love the hidden entrance!'),
('44dd55ee-66ff-77aa-88bb-223344556677', '11111111-1111-1111-1111-111111111111', 5, 'The rooftop garden setting is magical, and the pizza is fantastic. Perfect date spot.'),
('55ee66ff-77aa-88bb-99cc-334455667788', '33333333-3333-3333-3333-333333333333', 4, 'Fresh seafood with ocean views. The fish tacos are amazing!'),
('77aa88bb-99cc-ddee-ff00-55667788990a', '22222222-2222-2222-2222-222222222222', 3, 'Interesting fusion concept. The ramen burger is weird but good.'),
('88bb99cc-ddee-ff00-1122-6677889900ab', '44444444-4444-4444-4444-444444444444', 5, 'Incredible Southern comfort food. The fried chicken and waffles are life-changing.'),
('99ccddee-ff00-1122-3344-7788990011bc', '11111111-1111-1111-1111-111111111111', 4, 'Great Southwestern flavors and beautiful desert patio setting.'); 